<?xml version="1.0" encoding="utf-8"?>
<documents xsi:noNamespaceSchemaLocation="HDocumentSchema.xsd" xmlns:xsi="http://www.w3.org/2001/XMLSchema-instance">
  <document type="H">
    <pnldref>H4</pnldref>
    <english>
      <title>Ride a pedal cycle on a road and fail to stop when directed by a uniformed police constable / traffic warden</title>
      <additionalkeywords>
        <additionalkeyword>failure</additionalkeyword>
        <additionalkeyword>failed</additionalkeyword>
        <additionalkeyword>failing</additionalkeyword>
        <additionalkeyword>163</additionalkeyword>
        <additionalkeyword>Road
    Traffic Act 1988</additionalkeyword>
        <additionalkeyword>Schedule 2</additionalkeyword>
        <additionalkeyword>Road Traffic Offenders Act 1988</additionalkeyword>
        <additionalkeyword>police officer</additionalkeyword>
        <additionalkeyword>pedal
    cycle</additionalkeyword>
        <additionalkeyword>bicycle</additionalkeyword>
        <additionalkeyword>tricycle</additionalkeyword>
        <additionalkeyword>tandem</additionalkeyword>
      </additionalkeywords>
      <standardoffencewording>On **(..SPECIFY DATE..) at **(..SPECIFY TOWNSHIP..), being the rider of a cycle on a road, namely **(..SPECIFY ROAD AND LOCATION..) failed to stop on being required to do so by a&lt;br /&gt;&lt;br /&gt;(A)_[constable in uniform]_&lt;br /&gt;(B)_[traffic warden in uniform]_</standardoffencewording>
      <legislation>Contrary to section 163(3)    of the Road Traffic Act 1988 and Schedule 2 to the Road Traffic Offenders Act 1988.</legislation>
      <pointstoprove>date and location&lt;br /&gt;ride a cycle on a road&lt;br /&gt;fail to stop when directed&lt;br /&gt; by a uniformed police constable / traffic warden</pointstoprove>
      <investigatoractions>
        <investigatoraction>
          <code>IA27</code>
          <description>Confirm proposed charge is appropriately authorised (Police or CPS)</description>
        </investigatoraction>
        <investigatoraction>
          <code>IA28</code>
          <description>Ensure compliance with investigator's obligations re disclosure</description>
        </investigatoraction>
        <investigatoraction>
          <code>IA29</code>
          <description>Consider if case suitable for referral to Financial Investigation Unit and CPS for asset recovery eg confiscation order</description>
        </investigatoraction>
        <investigatoraction>
          <code>IA18</code>
          <description>Consider fixed penalty ticket scheme</description>
        </investigatoraction>
        <investigatoraction>
          <code>IA13</code>
          <description>Guilty Plea by letter procedure may be offered for this offence</description>
        </investigatoraction>
      </investigatoractions>
      <policeandcpschargingresponsibilities>D27968</policeandcpschargingresponsibilities>
      <notes>(i)  The power of arrest and power of entry to effect arrest - by a constable in uniform - were inserted into the Act by section 49 of the Police Reform Act 2002. &lt;br /&gt;(ii) Statement of facts procedure applies - see end of document for wording.&lt;br /&gt;(iii) Fixed penalty scheme may be applied&lt;br /&gt;(iv) A Community Support Officer (CSO ) only has this power IF s/he has also been designated as a Traffic Warden</notes>
      <standardstatementoffacts>At **(..SPECIFY TIME..) on **(..SPECIFY DATE..) the defendant was riding a cycle on **(..SPECIFY ROAD AND LOCATION..) and failed to stop when required to do so by a&lt;br /&gt;&lt;br /&gt;(A)_[constable in uniform.]_&lt;br /&gt;(B)_[traffic warden in uniform.]_</standardstatementoffacts>
    </english>
    <indictment>
      <indictmentindicator>
        <code>N</code>
        <description>No</description>
      </indictmentindicator>
      <structuredindictmentindicator>
        <code>N</code>
        <description>No</description>
      </structuredindictmentindicator>
    </indictment>
    <other>
      <powersofarrest>Arrest without warrant</powersofarrest>
      <modeoftrial>
        <code>STRAFF</code>
        <description>SUMMARY MINOR TRAFFIC</description>
      </modeoftrial>
      <timelimitforprosecutions>6 months</timelimitforprosecutions>
      <penalty>A fine not exceeding level three on the standard scale.&lt;br /&gt;&lt;br /&gt;Fixed penalty ticket - Fifty pounds&lt;br /&gt;&lt;br /&gt;Time limit for prosecutions:&lt;br /&gt;6 months</penalty>
      <geographicregion>
        <code>GB</code>
        <description>Great Britain</description>
      </geographicregion>
    </other>
    <codes>
      <cjsoffencecode>RT88461</cjsoffencecode>
      <recordableonpncindicator>
        <code>N</code>
        <description>No</description>
      </recordableonpncindicator>
      <notifiabletomoj>
        <code>N</code>
        <description>No</description>
      </notifiabletomoj>
      <mojstatscode>137/99</mojstatscode>
      <mopireviewgroup>
        <code>C</code>
        <description>Group 3</description>
      </mopireviewgroup>
      <mopinoteslink>D19586</mopinoteslink>
      <disqualificationclass>
        <code>N</code>
        <description>discretionary disqualification not endorsable</description>
      </disqualificationclass>
      <seatbeltoffence>
        <code>N</code>
        <description>No</description>
      </seatbeltoffence>
      <fptissuedbypolice>50.00</fptissuedbypolice>
      <fptgraduated>0.00</fptgraduated>
      <fptgraduatedhigh>0.00</fptgraduatedhigh>
      <pndissuedbypolice>0.00</pndissuedbypolice>
      <pndissuedbylocalauthorities>0.00</pndissuedbylocalauthorities>
      <pndissuedbyothers>0.00</pndissuedbyothers>
      <roadsidedeposits>
        <code>Y</code>
        <description>Yes</description>
      </roadsidedeposits>
    </codes>
    <libra>
      <libracategory>
        <code>CM</code>
        <description>Summary Motoring</description>
      </libracategory>
      <fineindicator>
        <code>Y</code>
        <description>Yes</description>
      </fineindicator>
      <maxfinetypemagct>
        <code>3</code>
        <description>fine not exceeding level three on the legislative standard scale</description>
      </maxfinetypemagct>
      <custodialindicator>
        <code>N</code>
        <description>No</description>
      </custodialindicator>
      <miscode>
        <code>SNM</code>
        <description>Summary Non-Motoring</description>
      </miscode>
    </libra>
    <ancillary>
      <offencestartdate>2005-11-10</offencestartdate>
      <auditofamendments>170912 Text of Offence Wording amended.&lt;br /&gt;100613 Fixed Penalty Ticket fine amount amended as from 01/07/2013</auditofamendments>
      <legislationcode>
        <link>S52</link>
      </legislationcode>
      <lastupdate>230713 Date of commencement of increase in Fixed Penalty Ticket value is now 16/08/2013</lastupdate>
      <dateoflastupdate>2013-07-23</dateoflastupdate>
      <fptupdatedate>2013-08-16</fptupdatedate>
      <offencewordinggroup>A75</offencewordinggroup>
      <groups>
        <code>GY01</code>
        <description>General</description>
      </groups>
    </ancillary>
  </document>
</documents>